{"means": [-522.8414, 92.0553], "stds": [5.288009473536116, 0.7133493908091872], "sequenceLength": 25}